url,texto_enlace,paginas_origen
https://portalpublico.bancodeoccidente.com.co/documents/d/guest/informe-periodico-de-fin-de-ejercicio-2021,Informe Periódico de Fin de Ejercicio 2021,019
https://portalpublico.bancodeoccidente.com.co/documents/d/guest/estado-financiero-separado-a-diciembre-31-de-2021,Estado Financiero Separado a Diciembre 31 de 2021,019
https://portalpublico.bancodeoccidente.com.co/documents/d/guest/estado-financiero-separado-a-diciembre-31-de-2020,Estado Financiero Separado a Diciembre 31 de 2020,019
https://portalpublico.bancodeoccidente.com.co/documents/d/guest/estado-financiero-separado-a-diciembre-31-de-2019,Estado Financiero Separado a Diciembre 31 de 2019,019
https://portalpublico.bancodeoccidente.com.co/documents/d/guest/estado-financiero-separado-a-diciembre-31-de-2018,Estado Financiero Separado a Diciembre 31 de 2018,019
https://portalpublico.bancodeoccidente.com.co/documents/d/guest/estado-financiero-separado-a-diciembre-31-de-2017,Estado Financiero Separado a Diciembre 31 de 2017,019
https://portalpublico.bancodeoccidente.com.co/documents/d/guest/estado-financiero-semestral-a-diciembre-31-de-2016,Estado Financiero Semestral a Diciembre 31 de 2016,019
https://portalpublico.bancodeoccidente.com.co/documents/d/guest/estado-financiero-semestral-a-junio-30-de-2016,Estado Financiero Semestral a Junio 30 de 2016,019
https://portalpublico.bancodeoccidente.com.co/documents/d/guest/estado-financiero-semestral-a-diciembre-31-de-2015,Estado Financiero Semestral a Diciembre 31 de 2015,019
https://portalpublico.bancodeoccidente.com.co/documents/d/guest/estado-financiero-semestral-a-junio-30-de-2015,Estado Financiero Semestral a Junio 30 de 2015,019
https://portalpublico.bancodeoccidente.com.co/documents/d/guest/estado-financiero-semestral-a-diciembre-31-de-2014,Estado Financiero Semestral a Diciembre 31 de 2014,019
https://portalpublico.bancodeoccidente.com.co/documents/d/guest/estado-financiero-semestral-a-junio-30-de-2014,Estado Financiero Semestral a Junio 30 de 2014,019
https://portalpublico.bancodeoccidente.com.co/documents/d/guest/estado-financiero-semestral-a-diciembre-31-de-2013,Estado Financiero Semestral a Diciembre 31 de 2013,019
https://portalpublico.bancodeoccidente.com.co/documents/d/guest/estado-financiero-semestral-a-junio-30-de-2013,Estado Financiero Semestral a Junio 30 de 2013,019
https://portalpublico.bancodeoccidente.com.co/documents/d/guest/estado-financiero-semestral-a-diciembre-31-de-2012,Estado Financiero Semestral a Diciembre 31 de 2012,019
https://portalpublico.bancodeoccidente.com.co/documents/d/guest/estado-financiero-semestral-a-junio-30-de-2012,Estado Financiero Semestral a Junio 30 de 2012,019
https://portalpublico.bancodeoccidente.com.co/documents/d/guest/estado-financiero-semestral-a-diciembre-31-de-2011,Estado Financiero Semestral a Diciembre 31 de 2011,019
https://portalpublico.bancodeoccidente.com.co/documents/d/guest/estado-financiero-semestral-g-junio-30-de-2011,Estado Financiero Semestral a Junio 30 de 2011,019
https://portalpublico.bancodeoccidente.com.co/documents/d/guest/estado-financiero-separado-a-diciembre-31-de-2010,Estado Financiero Semestral a Diciembre 31 de 2010,019
https://portalpublico.bancodeoccidente.com.co/documents/d/guest/estado-financiero-separado-a-diciembre-31-de-2009,Estado Financiero Semestral a Diciembre 31 de 2009,019
https://portalpublico.bancodeoccidente.com.co/documents/d/guest/estado-financiero-separado-a-diciembre-31-de-2008,Estado Financiero Semestral a Diciembre 31 de 2008,019
https://portalpublico.bancodeoccidente.com.co/documents/d/guest/estado-financiero-consolidado-a-diciembre-31-de-2021,Estado Financiero Consolidado a diciembre 31 de 2021,019
https://portalpublico.bancodeoccidente.com.co/documents/d/guest/estado-financiero-consolidado-a-diciembre-31-de-2020,Estado Financiero Consolidado a diciembre 31 de 2020,019
https://portalpublico.bancodeoccidente.com.co/documents/d/guest/estado-financiero-consolidado-a-diciembre-31-de-2019,Estado Financiero Consolidado a diciembre 31 de 2019,019
https://portalpublico.bancodeoccidente.com.co/documents/d/guest/estado-financiero-semestral-consolidado-a-diciembre-31-de-2016,Estado Financiero Semestral Consolidado a Diciembre 31 de 2016,019
https://portalpublico.bancodeoccidente.com.co/documents/d/guest/estado-financiero-semestral-consolidado-a-junio-de-2016,Estado Financiero Semestral,019
https://portalpublico.bancodeoccidente.com.co/documents/d/guest/estado-financiero-semestral-consolidado-a-diciembre-31-de-2015,Estado Financiero Semestral,019
https://portalpublico.bancodeoccidente.com.co/documents/d/guest/estado-financiero-semestral-consolidado-a-junio-de-2015,Estado Financiero Semestral,019
https://portalpublico.bancodeoccidente.com.co/documents/d/guest/estado-financiero-semestral-consolidado-a-diciembre-31-de-2014,Estado Financiero Semestral,019
https://portalpublico.bancodeoccidente.com.co/documents/d/guest/estado-financiero-semestral-consolidado-a-junio-de-2014,Estado Financiero Semestral,019
https://portalpublico.bancodeoccidente.com.co/documents/d/guest/estado-financiero-semestral-consolidado-a-diciembre-31-de-2013,Estado Financiero Semestral,019
https://portalpublico.bancodeoccidente.com.co/documents/d/guest/estado-financiero-semestral-consolidado-a-junio-30-de-2013,Estado Financiero Semestral,019
https://portalpublico.bancodeoccidente.com.co/documents/d/guest/estado-financiero-semestral-consolidado-a-diciembre-31-de-2012,Estado Financiero Semestral,019
https://portalpublico.bancodeoccidente.com.co/documents/d/guest/estado-financiero-semestral-consolidado-a-junio-30-de-2012,Estado Financiero Semestral Consolidado a Junio 30 de 2012,019
https://portalpublico.bancodeoccidente.com.co/documents/d/guest/estado-financiero-semestral-consolidado-a-diciembre-31-de-2011,Estado Financiero Semestral Consolidado a Diciembre 31 de 2011,019
https://portalpublico.bancodeoccidente.com.co/documents/d/guest/estado-financiero-semestral-consolidado-a-junio-30-de-2011,Estado Financiero Semestral Consolidado a Junio 30 de 2011,019
https://portalpublico.bancodeoccidente.com.co/documents/d/guest/estado-financiero-semestral-consolidado-a-diciembre-31-de-2010,Estado Financiero Semestral Consolidado a Diciembre 31 de 2010,019
https://portalpublico.bancodeoccidente.com.co/documents/d/guest/estado-financiero-trimestral-julio-septiembre-2021-1,Estado Financiero Trimestral (Julio - Septiembre 2021),019
https://portalpublico.bancodeoccidente.com.co/documents/d/guest/estado-financiero-trimestral-abril-junio-2021-1,Estado Financiero Trimestral (Abril - Junio 2021),019
https://portalpublico.bancodeoccidente.com.co/documents/d/guest/estado-financiero-trimestral-enero-marzo-2021-1,Estado Financiero Trimestral (Enero - Marzo 2021),019
https://portalpublico.bancodeoccidente.com.co/documents/d/guest/estado-financiero-trimestral-julio-septiembre-2020-1,Estado Financiero Trimestral (Julio - Septiembre 2020),019
https://portalpublico.bancodeoccidente.com.co/documents/d/guest/estado-financiero-trimestral-abril-junio-2020-1,Estado Financiero Trimestral (Abril - Junio 2020),019
https://portalpublico.bancodeoccidente.com.co/documents/d/guest/estado-financiero-trimestral-enero-marzo-2020-1,Estado Financiero Trimestral (Enero - Marzo 2020),019
https://portalpublico.bancodeoccidente.com.co/documents/d/guest/estado-financiero-trimestral-julio-septiembre-2019-1,Estado Financiero Trimestral (Julio - Septiembre 2019),019
https://portalpublico.bancodeoccidente.com.co/documents/d/guest/estado-financiero-trimestral-abril-junio-2019-1,Estado Financiero Trimestral (Abril - Junio 2019),019
https://portalpublico.bancodeoccidente.com.co/documents/d/guest/estado-financiero-trimestral-enero-marzo-2019-1,Estado Financiero Trimestral (Enero - Marzo 2019),019
https://portalpublico.bancodeoccidente.com.co/documents/d/guest/estado-financiero-trimestral-julio-septiembre-2018-1,Estado Financiero Trimestral (Julio - Septiembre 2018),019
https://portalpublico.bancodeoccidente.com.co/documents/d/guest/estado-financiero-trimestral-abril-junio-2018-1,Estado Financiero Trimestral (Abril - Junio 2018),019
https://portalpublico.bancodeoccidente.com.co/documents/d/guest/estado-financiero-trimestral-julio-septiembre-2017-1,Estado Financiero Trimestral (Julio - Septiembre 2017),019
https://portalpublico.bancodeoccidente.com.co/documents/d/guest/estado-financiero-trimestral-abril-junio-2017-1,Estado Financiero Trimestral (Abril - Junio 2017),019
https://portalpublico.bancodeoccidente.com.co/documents/d/guest/estado-financiero-trimestral-enero-marzo-2017-1,Estado Financiero Trimestral (Enero - Marzo 2017),019
https://portalpublico.bancodeoccidente.com.co/documents/d/guest/estado-financiero-trimestral-julio-septiembre-2021-,Estado Financiero Trimestral (Julio - Septiembre 2021),019
https://portalpublico.bancodeoccidente.com.co/documents/d/guest/estado-financiero-trimestral-abril-junio-2021-,Estado Financiero Trimestral (Abril - Junio 2021),019
https://portalpublico.bancodeoccidente.com.co/documents/d/guest/estado-financiero-trimestral-enero-marzo-2021-,Estado Financiero Trimestral (Enero - Marzo 2021),019
https://portalpublico.bancodeoccidente.com.co/documents/d/guest/estado-financiero-trimestral-julio-septiembre-2020-,Estado Financiero Trimestral (Julio - Septiembre 2020),019
https://portalpublico.bancodeoccidente.com.co/documents/d/guest/estado-financiero-trimestral-abril-junio-2020-,Estado Financiero Trimestral (Abril - Junio 2020),019
https://portalpublico.bancodeoccidente.com.co/documents/d/guest/estado-financiero-trimestral-enero-marzo-2020-,Estado Financiero Trimestral (Enero - Marzo 2020),019
https://portalpublico.bancodeoccidente.com.co/documents/d/guest/estado-financiero-trimestral-julio-septiembre-2019-,Estado Financiero Trimestral (Julio - Septiembre 2019),019
https://portalpublico.bancodeoccidente.com.co/documents/d/guest/estado-financiero-trimestral-abril-junio-2019-,Estado Financiero Trimestral (Abril - Junio 2019),019
https://portalpublico.bancodeoccidente.com.co/documents/d/guest/estado-financiero-trimestral-enero-marzo-2019-,Estado Financiero Trimestral (Enero - Marzo 2019),019
https://portalpublico.bancodeoccidente.com.co/documents/d/guest/estado-financiero-trimestral-julio-septiembre-2018-,Estado Financiero Trimestral (Julio - Septiembre 2018),019
https://portalpublico.bancodeoccidente.com.co/documents/d/guest/estado-financiero-trimestral-abril-junio-2018-,Estado Financiero Trimestral (Abril - Junio 2018),019
https://portalpublico.bancodeoccidente.com.co/documents/d/guest/estado-financiero-trimestral-julio-septiembre-2017-,Estado Financiero Trimestral (Julio - Septiembre 2017),019
https://portalpublico.bancodeoccidente.com.co/documents/d/guest/estado-financiero-trimestral-abril-junio-2017-,Estado Financiero Trimestral (Abril - Junio 2017),019
https://portalpublico.bancodeoccidente.com.co/documents/d/guest/estado-financiero-trimestral-enero-marzo-2017-,Estado Financiero Trimestral (Enero - Marzo 2017),019
https://www.bancodeoccidente.com.co/documents/d/guest/cumplimiento-circular-externa-031-de-2021-1,Ver Anexo,019
https://www.bancodeoccidente.com.co/documents/d/guest/estados-financieros-consolidados-al-31-de-diciembre-de-2021-1,Ver Anexo,019
https://www.bancodeoccidente.com.co/documents/d/guest/estados-financieros-separados-al-31-de-diciembre-de-2021-1,Ver Anexo,019
https://www.bancodeoccidente.com.co/documents/d/guest/proyecto-distribucion-de-utilidades-2021-aprobado-por-asamblea-bdo-1,Ver Anexo,019
https://www.bancodeoccidente.com.co/documents/d/guest/reporte-de-implementacion-de-mejores-practicas-corporativas-2021-1,Ver Anexo,019
https://www.bancodeoccidente.com.co/documents/d/guest/informacion-relevante-cambio-composicion-accionaria-fv-1,Ver Anexo,019
https://www.bancodeoccidente.com.co/documents/d/guest/rac-banoccidente-fiduoccidente-1,Ver Anexo,019
https://www.bancodeoccidente.com.co/documents/d/guest/perdida-vigencia-3a-emision-bo-banco-de-occidente-pv-dic-2021-1,Ver Anexo,019
https://www.bancodeoccidente.com.co/documents/d/guest/informacion-relevante-acuerdo-accionistas-1,Ver Anexo,019
https://www.bancodeoccidente.com.co/documents/d/guest/i21-bco-occidente-e-rp-2021-1,Ver Anexo,019
https://www.bancodeoccidente.com.co/documents/d/guest/envio-calificacion-bco-occidente-y-bonos-rp2021-1,Ver Anexo,019
https://www.bancodeoccidente.com.co/documents/d/guest/certificacion-de-estados-financieros-sseparados-y-consolidados-31-diciembre-2020-1,Ver Anexo,019
https://www.bancodeoccidente.com.co/documents/d/guest/eeff-consolidados-1,Ver Anexo,019
https://www.bancodeoccidente.com.co/documents/d/guest/convocatoria-asamblea-general-accionistas-bdo-2021-1,Ver Anexo,019
https://www.bancodeoccidente.com.co/documents/d/guest/proyecto-distribucion-utilidades-bdo2020-1,Ver Anexo,019
https://www.bancodeoccidente.com.co/documents/d/guest/reporte-de-implementacion-de-mejores-practicas-corporativas-2020-1,Ver Anexo,019
https://www.bancodeoccidente.com.co/documents/d/guest/perdida-vigencia-6a-emision-bo-banco-de-occidente-pv-2021-1,Ver Anexo,019
https://www.bancodeoccidente.com.co/documents/d/guest/banco-occidente-15-12-2020-1,Ver Anexo,019
https://www.bancodeoccidente.com.co/documents/d/guest/boletin-2019-09-18-no-172-1,Ver Anexo,019
https://www.bancodeoccidente.com.co/documents/d/guest/boletin-diario-2020-08-18-1-1,Ver Anexo,019
https://www.bancodeoccidente.com.co/documents/d/guest/envio-calificacion-18a-emision-bo-bco-occidente-ci2020-1-1,Ver Anexo,019
https://www.bancodeoccidente.com.co/documents/d/guest/ii-20-bco-occidente-rp-2020-1,Ver Anexo,019
https://www.bancodeoccidente.com.co/documents/d/guest/perdida-vigencia-8a-emision-bo-banco-de-occidente-pv-2020-1,Ver Anexo,019
https://www.bancodeoccidente.com.co/documents/d/guest/envio-calificacion-bco-occidente-y-bonos-rp2020-1,Ver Anexo,019
https://www.bancodeoccidente.com.co/documents/d/guest/envio-calificacion-18a-emision-bo-bco-occidente-ci2020-3-1,Ver Anexo,019
https://www.bancodeoccidente.com.co/documents/d/guest/occidente-11-06-2020-1,Ver Anexo,019
https://www.bancodeoccidente.com.co/documents/d/guest/certificacion-eeff-1,Ver Anexo,019
https://www.bancodeoccidente.com.co/documents/d/guest/estados-financieros-separados-1-1,Ver Anexo,019
https://www.bancodeoccidente.com.co/documents/d/guest/estados-financieros-consolidados-1-1,Ver Anexo,019
https://www.bancodeoccidente.com.co/documents/d/guest/pdistribucionutilidades-1,Ver Anexo,019
https://www.bancodeoccidente.com.co/documents/d/guest/decisiones-adoptadas-por-la-asamblea-general-ordinaria-de-accionistas-26-03-2020-1,Ver Anexo,019
https://www.bancodeoccidente.com.co/documents/d/guest/alcance-convocatoria-asamblea-de-accionistas-1,Ver Anexo,019
https://www.bancodeoccidente.com.co/documents/d/guest/proyecto-distribucion-de-utilidades-2019-1,Ver Anexo,019
https://www.bancodeoccidente.com.co/documents/d/guest/citacion-marzo-26-2020-1,Ver Anexo,019
https://www.bancodeoccidente.com.co/documents/d/guest/reporte-2019-fv-1,Ver Anexo,019
https://www.bancodeoccidente.com.co/documents/d/guest/info-relevante-29-10-2019-1,Ver Anexo,019
https://www.bancodeoccidente.com.co/documents/d/guest/boletin_2019_172-1,Ver Anexo,019
https://www.bancodeoccidente.com.co/documents/d/guest/envio-calificacion-17a-banco-de-occidente-1,Ver Anexo,019
https://www.bancodeoccidente.com.co/documents/d/guest/estados-financiero-1,Ver Anexo,019
https://www.bancodeoccidente.com.co/documents/d/guest/certificados-financieros-1,Ver Anexo,019
https://www.bancodeoccidente.com.co/documents/d/guest/junta-directiva-1,Ver Anexo,019
https://www.bancodeoccidente.com.co/documents/d/guest/revisor-fiscal-1-1,Ver Anexo,019
https://www.bancodeoccidente.com.co/documents/d/guest/proyecto-distrubucion-1,Ver Anexo,019
https://www.bancodeoccidente.com.co/documents/d/guest/citacion-22-pais-1,Ver Anexo,019
https://www.bancodeoccidente.com.co/documents/d/guest/proyecto-distribucion-utilidades-2018-1,Ver Anexo,019
https://www.bancodeoccidente.com.co/documents/d/guest/junta-directiva-1-1,Ver Anexo,019
https://www.bancodeoccidente.com.co/documents/d/guest/revision-periodica-bdo-emision-bonos-rp2018-1,Ver Anexo,019
https://www.bancodeoccidente.com.co/documents/d/guest/calificacion-bdo-emision-bonosrp2018-1,Ver Anexo,019
https://www.bancodeoccidente.com.co/documents/d/guest/calificacion-bdo-deuda-largo-corto-plazorp2018-1,Ver Anexo,019
https://www.bancodeoccidente.com.co/documents/d/guest/sustento-tecnico-calificacion-bdo-1,Ver Anexo,019
https://www.bancodeoccidente.com.co/documents/d/guest/cambio-politica-contable-bdo-1,Ver Anexo,019
https://www.bancodeoccidente.com.co/documents/d/guest/estados-financieros-separados-dic-2017-1,Ver Anexo,019
https://www.bancodeoccidente.com.co/documents/d/guest/certificados-estados-financieros-dic-2017-1,Ver Anexo,019
https://www.bancodeoccidente.com.co/documents/d/guest/proyecto-aprobado-reparticion-utilidades-1,Ver Anexo,019
https://www.bancodeoccidente.com.co/documents/d/guest/mejores-practicas-corporativas-encuesta-2017-1,Ver Anexo,019
https://www.bancodeoccidente.com.co/documents/d/guest/resultado-emision-dic-2017-1,Ver Anexo,019
https://www.bancodeoccidente.com.co/documents/d/guest/calificacion-1,Ver Anexo,019
https://www.bancodeoccidente.com.co/documents/d/guest/boletin_2017_10_12_no_161-1,Ver Anexo,019
https://www.bancodeoccidente.com.co/documents/d/guest/adenda-no5-1,Ver Anexo,019
https://www.bancodeoccidente.com.co/documents/d/guest/asamblea-extraordinaria-agosto-2017-1,Ver Anexo,019
https://www.bancodeoccidente.com.co/documents/d/guest/resultados-emision-bonos-1,Ver Anexo,019
https://www.bancodeoccidente.com.co/documents/d/guest/oferta-publica-1,Ver Anexo,019
https://www.bancodeoccidente.com.co/documents/d/guest/balance-consolidado-dic-2016-1,Ver Anexo,019
https://www.bancodeoccidente.com.co/documents/d/guest/certificacion-eeff-separados-dic-2016-1,Ver Anexo,019
https://www.bancodeoccidente.com.co/documents/d/guest/balance-separado-dic-2016-1,Ver Anexo,019
https://www.bancodeoccidente.com.co/documents/d/guest/proyecto-distribucion-2-1,Ver Anexo,019
https://www.bancodeoccidente.com.co/documents/d/guest/cancelacion-citacion-marzo-2017-1,Ver Anexo,019
https://www.bancodeoccidente.com.co/documents/d/guest/proyectdistiisem2016-1,Ver Anexo,019
https://www.bancodeoccidente.com.co/documents/d/guest/citacion-marzo-7-2017-1,Ver Anexo,019
https://www.bancodeoccidente.com.co/documents/d/guest/formato-de-convenios,Consulta aquí,138
https://www.bancodeoccidente.com.co/documents/d/guest/tasas-personas-2025-1-,Ver tasas 2025 (imagen: imagen caracteristicas mobile),140
https://portalpublico.bancodeoccidente.com.co/documents/d/guest/formato-solicitud-de-productos-persona-natural-1-1,Solicitud de Productos,256
https://webavc.bancodeoccidente.com.co/wps/wcm/connect/banco-de-occidente/d294daf1-b285-47ca-9ee9-bb19dc6ead31/solicitud-vinculacion-persona-natural.xlsx?MOD=AJPERES&CVID=oS0eDTF,Solicitud de Vinculación,256
https://webavc.bancodeoccidente.com.co/wps/wcm/connect/banco-de-occidente/8a51a1b4-a65a-49de-8f71-4722186bebf3/formato-solicitud-de-productos-persona-natural.xlsx?MOD=AJPERES&CVID=oR.6jmP,Solicitud de Productos,256;273
https://webavc.bancodeoccidente.com.co/wps/wcm/connect/banco-de-occidente/c0f8480c-abab-47b8-b325-3aca9a7082ce/fto-cap-145-formato-de-contrato-productos-y-servicios0-v80.xlsx?MOD=AJPERES&CVID=nnWDnSY,Contrato de Producto,256;273
https://webavc.bancodeoccidente.com.co/wps/wcm/connect/banco-de-occidente/91ecd04e-67d8-4e6a-8982-ff2f91bb38f4/guia-de-uso-cuenta-activa-122022.pdf?MOD=AJPERES&CVID=olOGRGc,Guía de Uso de Cuenta Activa,273
https://portalpublico.bancodeoccidente.com.co/documents/d/guest/posicion-n1-n3064-inicio-proceso,Inicio Proceso,274
https://portalpublico.bancodeoccidente.com.co/documents/d/guest/posicion-n2-n3064-carta-remisoria,Carta Remisoria,274
https://www.bancodeoccidente.com.co/documents/d/guest/posicion-n4-n3064-entidades-invitadas,Entidades Invitadas,274
https://www.bancodeoccidente.com.co/documents/d/guest/posicion-n3-n3063-documento-admisibilidad-1,Documento de Admisibilidad,274
https://portalpublico.bancodeoccidente.com.co/documents/d/guest/posicion-n5-n3064-fase-i-recepcion-aclaraciones,Fase I N° de Inquietudes y Detalle de Aseguradoras Oferentes,274
https://www.bancodeoccidente.com.co/documents/d/guest/posicion-n6-n3064-fase-i-respuestas,Respuestas de Inquietudes​,274
https://www.bancodeoccidente.com.co/documents/d/guest/posicion-n7-n3064-acreditacion-requisitos-admis-1,Fase I Acreditación Requisitos de Admisibilidad,274
https://www.bancodeoccidente.com.co/documents/d/guest/posicion-n8-n3064-pliego-condiciones-v5-final-98-,Pliego de Condiciones​​​​​​,274
https://www.bancodeoccidente.com.co/documents/d/guest/posicion-n9-n3064-registro-envio-pliego-de-condiciones-10-,Registro Envío Pliego de Condiciones,274
https://portalpublico.bancodeoccidente.com.co/documents/d/guest/posicion-n1-n3063-inicio-proceso,Inicio Proceso,274
https://portalpublico.bancodeoccidente.com.co/documents/d/guest/posicion-n2-n3063-carta-remisoria,Carta Remisoria,274
https://portalpublico.bancodeoccidente.com.co/documents/d/guest/posicion-n4-n3063-entidades-invitadas,Entidades Invitadas,274
https://portalpublico.bancodeoccidente.com.co/documents/d/guest/posicion-n3-n3063-documento-admisibilidad,Documento de Admisibilidad,274
https://www.bancodeoccidente.com.co/documents/d/guest/posicion-n5-n3063-fase-i-recepcion-aclaraciones,Fase I N° de Inquietudes y Detalle de Aseguradoras Oferentes,274
https://www.bancodeoccidente.com.co/documents/d/guest/n3063-anexo-n2-solicitud-aclaraciones,Respuestas de Inquietudes,274
https://www.bancodeoccidente.com.co/documents/d/guest/posicion-n7-n3063-acreditacion-requisitos-admis-1,Fase I Acreditación Requisitos de Admisibilidad,274
https://www.bancodeoccidente.com.co/documents/d/guest/posicion-n8-n3063-pliego-condiciones-v5-rec-adm,Pliego de Condiciones,274
https://www.bancodeoccidente.com.co/documents/d/guest/posicion-n9-n3063-registro-envio-pliego-de-condiciones,Registro Envío Pliego de Condiciones,274
https://www.bancodeoccidente.com.co/documents/d/guest/posicion-n10-n3063-fase-ii-recepcion-aclaraciones,Fase II N° de Inquietudes y Detalle de Aseguradoras Oferentes,274
https://www.bancodeoccidente.com.co/documents/d/guest/posicion-n11-n3063-fase-ii-respuestas-aclaraciones,Respuestas de Inquietudes,274
https://www.bancodeoccidente.com.co/documents/d/guest/posicion-n12-n3063-oferentes-que-entregaron-oferta,Aseguradoras Oferentes que entregaron Oferta,274
https://www.bancodeoccidente.com.co/documents/d/guest/posicion-n1-n3062-inicio-proceso,Inicio Proceso,274
https://www.bancodeoccidente.com.co/documents/d/guest/posicion-n2-n3062-carta-remisoria,Carta Remisoria,274
https://www.bancodeoccidente.com.co/documents/d/guest/posicion-n3-n3062-entidades-invitadas,Entidades Invitadas,274
https://www.bancodeoccidente.com.co/documents/d/guest/posicion-n4-n3062-documento-admisibilidad-v5-rec-adm,Documento de Admisibilidad,274
https://www.bancodeoccidente.com.co/documents/d/guest/posicion-n5-n3062-fase-i-recepcion-aclaraciones,Fase I N° de Inquietudes y Detalle de Aseguradoras Oferentes,274
https://www.bancodeoccidente.com.co/documents/d/guest/posicion-n6-n3062-resp-aclaraciones-v3-rec-adm,Respuestas de Inquietudes,274
https://www.bancodeoccidente.com.co/documents/d/guest/posicion-n7-n3062-adenda-n-1,Adenda N° 1,274
https://www.bancodeoccidente.com.co/documents/d/guest/posicion-n8-n3062-acreditacion-requisitos-admis-1,Fase I Acreditación Requisitos de Admisibilidad,274
https://www.bancodeoccidente.com.co/documents/d/guest/posicion-n9-n3062-pliego-de-condiciones,Pliego de Condiciones,274
https://www.bancodeoccidente.com.co/documents/d/guest/posicion-n10-n3062-registro-envio-pliego-de-condiciones,Registro Envío Pliego de Condiciones,274
https://www.bancodeoccidente.com.co/documents/d/guest/posicion-n11-n3062-fase-ii-recepcion-aclaraciones,Fase II N° de Inquietudes y Detalle de Aseguradoras Oferentes,274
https://www.bancodeoccidente.com.co/documents/d/guest/posicion-n12-n3062-fase-ii-resp-aclaraciones,Respuestas de Inquietudes,274
https://www.bancodeoccidente.com.co/documents/d/guest/posicion-n13-n3062-oferentes-que-entregaron-oferta,Aseguradoras Oferentes que entregaron Oferta,274
https://portalpublico.bancodeoccidente.com.co/documents/d/guest/posicion-n1-n3061-inicio-proceso,Inicio Proceso,274
https://portalpublico.bancodeoccidente.com.co/documents/d/guest/posicion-n2-n3061-carta-remisoria,Carta Remisoria,274
https://portalpublico.bancodeoccidente.com.co/documents/d/guest/posicion-n3-n3061-entidades-invitadas,Entidades Invitadas,274
https://portalpublico.bancodeoccidente.com.co/documents/d/guest/posicion-n4-n3061-documento-admisibilidad-v4-rec-adm,Documento de Admisibilidad,274
https://www.bancodeoccidente.com.co/documents/d/guest/posicion-n5-n3061-entidades-que-retiraron-pliego-1,Entidades que retiraron el Pliego de Condiciones,274
https://www.bancodeoccidente.com.co/documents/d/guest/posicion-n6-n3061-pliego-de-condiciones,Pliego de Condiciones,274
https://www.bancodeoccidente.com.co/documents/d/guest/posicion-n7-n3061-entidades-que-escalaron-inquietudes,N° de Inquietudes y Detalle de Aseguradoras Oferentes,274
https://www.bancodeoccidente.com.co/documents/d/guest/n3061-anexo-n1-resp-aclaraciones-v1-rec-adm,Respuestas de Inquietudes,274
https://www.bancodeoccidente.com.co/documents/d/guest/fase-i-acreditacion-requisitos-de-admisibilidad,Fase I Acreditación Requisitos de Admisibilidad,274
https://www.bancodeoccidente.com.co/documents/d/guest/posicion-n10-n3061-acta-audiencia-publica,Acta de Adjudicación,274
https://www.bancodeoccidente.com.co/documents/d/guest/posicion-n11-n3061-comparativo,Información Comparativa,274
https://www.bancodeoccidente.com.co/documents/d/guest/posicion-n12-caratula-leasing-inmobiliario-1,Carátula Leasing Inmobiliario,274
https://www.bancodeoccidente.com.co/documents/d/guest/posicion-n13-caratula-hipotecario-habitacional-y-vis,"Carátula Hipotecario, Habitacional y VIS",274
https://portalpublico.bancodeoccidente.com.co/documents/d/guest/posicion-n1-n3060-inicio-proceso,Inicio Proceso,274
https://portalpublico.bancodeoccidente.com.co/documents/d/guest/posicion-n2-n3060-carta-remisoria,Carta Remisoria,274
https://portalpublico.bancodeoccidente.com.co/documents/d/guest/posicion-n3-n3060-entidades-invitadas,Entidades Invitadas,274
https://portalpublico.bancodeoccidente.com.co/documents/d/guest/posicion-n4-n3060-documento-de-admisibilidad-v3-final,Documento de Admisibilidad,274
https://portalpublico.bancodeoccidente.com.co/documents/d/guest/posicion-n5-n3060-entidades-aclaraciones,Fase I N° de Inquietudes y Detalle de Oferentes,274
https://www.bancodeoccidente.com.co/documents/d/guest/posicion-n6-n3060-respuestas,Respuestas Aclaraciones e Inquietudes,274
https://www.bancodeoccidente.com.co/documents/d/guest/posicion-n7-n3060-acreditacion-requisitos-de-admisibilidad-1,Fase I Acreditación Requisitos de Admisibilidad,274
https://www.bancodeoccidente.com.co/documents/d/guest/posicion-n8-n3060-pliego-condiciones-v7-rec-adm,Pliego de Condiciones​,274
https://www.bancodeoccidente.com.co/documents/d/guest/posicion-n9-n3060-entidades-aclaraciones,Fase II N° de Inquietudes y Detalle de Oferentes​​​​​​,274
https://www.bancodeoccidente.com.co/documents/d/guest/posicion-n10-aclaraciones-cons-v4-rec-adm,Respuestas de Inquietudes,274
https://www.bancodeoccidente.com.co/documents/d/guest/posicion-n11-n3060-entidades-que-entregaron-oferta,Oferentes que Entregaron Oferta,274
https://portalpublico.bancodeoccidente.com.co/documents/d/guest/posicion-n12-n3060-adenda-n-1,Adenda N° 1,274
https://www.bancodeoccidente.com.co/documents/d/guest/posicion-n13-n3060-2026-acta-adjudicacion-v4-vices-final,Acta de Adjudicación,274
https://www.bancodeoccidente.com.co/documents/d/guest/posicion-n-1-n3058-inicio-proceso,Inicio Proceso,274
https://www.bancodeoccidente.com.co/documents/d/guest/posicion-n-2-n3058-carta-remisoria,Carta Remisoria,274
https://www.bancodeoccidente.com.co/documents/d/guest/posicion-n-3-n3058-entidades-invitadas,Entidades Invitadas,274
https://www.bancodeoccidente.com.co/documents/d/guest/posicion-n-4-n3058-documento-de-admisibilidad-v5-final,Documento de Admisibilidad,274
https://www.bancodeoccidente.com.co/documents/d/guest/posicion-n-5-n3058-entidades-que-retiraron-pliego,**Entidades que retiraron el Pliego de Condiciones**,274
https://www.bancodeoccidente.com.co/documents/d/guest/posicion-n-6-n3058-pliego-de-condiciones,**Pliego de Condiciones**,274
https://www.bancodeoccidente.com.co/documents/d/guest/posicion-n-7-n3058-entidades-que-escalaron-inquietudes,N° de Inquietudes y Detalle de Oferentes,274
https://www.bancodeoccidente.com.co/documents/d/guest/posicion-n-8-respuestas-aclaraciones-e-inquietudes,**Respuestas Aclaraciones e Inquietudes**,274
https://www.bancodeoccidente.com.co/documents/d/guest/posicion-n-9-n3058-confirmacion-envio-respuestas,**Confirmación Envío de Respuestas Aclaraciones e Inquietudes**,274
https://www.bancodeoccidente.com.co/documents/d/guest/posicion-n-10-n3058-acreditacion-requisitos-de-admisibilidad-1,**Fase I Acreditación Requisitos de Admisibilidad**,274
https://www.bancodeoccidente.com.co/documents/d/guest/posicion-n-11-n3058-adenda-n-1,**Adenda N° 1**,274
https://www.bancodeoccidente.com.co/documents/d/guest/posicion-n-12-n3058-acta-adjudicacion,**Acta de Adjudicación**,274
https://www.bancodeoccidente.com.co/documents/d/guest/posicion-n-13-comparativo-vigencia,**Información Comparativa**,274
https://www.bancodeoccidente.com.co/documents/d/guest/n3058-caratula-hipotecario,Carátula Crédito Hipotecario,274
https://www.bancodeoccidente.com.co/documents/d/guest/n3058-caratula-habitacional,Carátula Leasing Habitacional,274
https://www.bancodeoccidente.com.co/documents/d/guest/inicio-proceso,Inicio Proceso,274
https://www.bancodeoccidente.com.co/documents/d/guest/carta-remisoria-oferentes,Carta Remisoria,274
https://www.bancodeoccidente.com.co/documents/d/guest/n3055-entidades-invitadas,Entidades Invitadas,274
https://www.bancodeoccidente.com.co/documents/d/guest/documento-de-admisibilidad-oferentes,Fase I Documento de Admisibilidad,274
https://www.bancodeoccidente.com.co/documents/d/guest/fase-i-n-de-inquietudes-y-detalle-oferentes,Fase I N° de Inquietudes y Detalle Oferentes,274
https://www.bancodeoccidente.com.co/documents/d/guest/respuesta-aclaraciones-e-inquietudes,Fase I Respuesta aclaraciones e inquietudes,274
https://www.bancodeoccidente.com.co/documents/d/guest/adenda-n-1-1,Adenda Nº 1,274
https://www.bancodeoccidente.com.co/documents/d/guest/acreditacion-requisitos-de-admisibilidad-1,Fase I Acreditación Requisitos de Admisibilidad,274
https://www.bancodeoccidente.com.co/documents/d/guest/acreditacion-requisitos-de-admisibilidad-ii,Fase II Condiciones,274
https://www.bancodeoccidente.com.co/documents/d/guest/posicion-n-10-n3055-fase-ii-aclaraciones-e-inquietudes,Fase II N° de Inquietudes y Detalle de Oferentes,274
https://www.bancodeoccidente.com.co/documents/d/guest/respuestas-fase-ii-aclaraciones-e-inquietudes,Fase II Respuestas Aclaraciones e Inquietudes,274
https://www.bancodeoccidente.com.co/documents/d/guest/posicion-n-12-n3055-adenda-n-2-portal-web,Adenda N° 2,274
https://www.bancodeoccidente.com.co/documents/d/guest/posicion-n-13-n3055-fase-ii-oferentes-que-entregaron-oferta,Detalle de Oferentes que entregaron oferta,274
https://www.bancodeoccidente.com.co/documents/d/guest/acta-adjudicacion-v1-rec-adm,Acta de Adjudicación,274
https://www.bancodeoccidente.com.co/documents/33634/493786/n3054-inicio-proceso.pdf/aef2b3df-8e3e-3897-4204-21ce7ab4df74,Inicio Proceso,274
https://www.bancodeoccidente.com.co/documents/33634/493786/n3054-carta-remisoria-oferentes.pdf/88984747-c4ec-70fe-5b35-03a0fbf9fffd,Carta Remisoria,274
https://www.bancodeoccidente.com.co/documents/33634/493786/n3054-entidades-invitadas.pdf/65004684-b9c2-d9ff-f5d8-1436373f34e7,Entidades Invitadas,274
https://www.bancodeoccidente.com.co/documents/33634/493786/n3054-documento-de-admisibilidad-oferentes.pdf/70b2ae9b-6890-11c1-4382-efe6c1adf7ce,Fase I Documento de Admisibilidad,274
https://www.bancodeoccidente.com.co/documents/33634/493786/n3054-oferentes-aclaraciones-e-inquietudes.pdf/37ec8fc3-2735-f2f9-ebdf-6794eb29d24e,Fase I N° de Inquietudes y Detalle Oferentes,274
https://www.bancodeoccidente.com.co/documents/33634/493786/Respuesta+aclaraciones+e+inquietudes.pdf/36ea2bdf-074e-64c0-1b36-766fc533cb70,Fase I Respuesta aclaraciones e inquietudes,274
https://www.bancodeoccidente.com.co/documents/d/guest/adenda-n-1,Adenda Nº 1,274
https://www.bancodeoccidente.com.co/documents/d/guest/acreditacion-requisitos-de-admisibilidad,Fase I Acreditación Requisitos de Admisibilidad,274
https://www.bancodeoccidente.com.co/documents/d/guest/adenda-n-2-1,Adenda Nº 2,274
https://www.bancodeoccidente.com.co/documents/d/guest/acreditacion-requisitos-de-admisibilidad-ii-3054,ondiciones,274
https://www.bancodeoccidente.com.co/documents/d/guest/posicion-n-11-n3054-fase-ii-aclaraciones-e-inquietudes,Fase II N° de Inquietudes y Detalle de Oferentes,274
https://www.bancodeoccidente.com.co/documents/d/guest/fase-ii-respuestas-aclaraciones-e-inquietudes,Fase II Respuestas Aclaraciones e Inquietudes,274
https://www.bancodeoccidente.com.co/documents/d/guest/posicion-n-13-n3054-oferentes-que-entregaron-oferta,Detalle de Oferentes que entregaron oferta​,274
https://www.bancodeoccidente.com.co/documents/d/guest/n3054-acta-adjudicacion-v1-rec-adm,Acta de Adjudicación,274
https://www.bancodeoccidente.com.co/documents/33634/493532/n3051-inicio-proceso.pdf/a772a627-6324-fb2a-8ff5-8fd36e639c27,Inicio Proceso,274
https://www.bancodeoccidente.com.co/documents/33634/493532/n3051-carta-remisoria.pdf/3bb6864a-cdb9-5b30-946f-bdfac4a3a05a,Carta Remisoria,274
https://www.bancodeoccidente.com.co/documents/33634/493532/n3051-entidades-invitadas.pdf/7e935d34-cf8c-2b24-181b-43596ccc3da7,Entidades Invitadas,274
https://www.bancodeoccidente.com.co/documents/33634/493532/n3051-documento-de-admisibilidad-vfinal.pdf/7a23ebb2-e568-a52f-f8b5-f1417c3b9816,Fase I Documento de Admisibilidad,274
https://www.bancodeoccidente.com.co/documents/33634/493532/n-3051-respuesta-final-anexo-no-5-rec-registro-consultas-y-respuestas.pdf/3a89f9fc-a9b9-d8cc-c492-9fe955e5a06d,Fase I N° de Inquietudes y Detalle Oferentes,274
https://www.bancodeoccidente.com.co/documents/33634/493532/n-3051-respuesta-aclaraciones-y-consultas.pdf/1eae3cec-4637-d5f6-9c6c-e2b152cc804e,Fase I Respuestas aclaraciones e inquietudes,274
https://www.bancodeoccidente.com.co/documents/33634/493532/posicion-n-7-N3051-adenda-n1.pdf/2edeb2e9-bfb3-42d3-59cb-e72bd513f434,Adenda N° 1,274
https://www.bancodeoccidente.com.co/documents/33634/493532/n-3051-adenda-no-2.pdf/c6fcdde5-504d-19ae-f94a-54b39e097098,Adenda N° 2,274
https://www.bancodeoccidente.com.co/documents/33634/493532/n3051-acreditacion-requisitos-de-admisibilidad-4-011024.pdf/ae2bd5c0-0eb4-10ba-90f9-76243a76fb4e,Fase I Acreditación Requisitos de Admisibilidad,274
https://www.bancodeoccidente.com.co/documents/33634/493532/n-3051-fase-ll-pliego-de-condiciones.pdf/62856559-dc15-4db6-6bbd-17cede22240d,Fase II - Condiciones,274
https://www.bancodeoccidente.com.co/documents/33634/493532/n-3051-oferentes-que-escalaron-aclaraciones-e-inquietudes.pdf/5af726c1-af23-ed6a-f1c5-1748832f6537,Fase II N° de Inquietudes y Detalle Oferentes,274
https://www.bancodeoccidente.com.co/documents/33634/493532/posicion-n-5-N3051-oferentes-que-escalaron-aclaraciones-e-inquietudes.pdf/9d924410-edda-e0ae-8fe4-8ada4b41aa04,Fase II Respuestas aclaraciones e inquietudes,274
https://www.bancodeoccidente.com.co/documents/33634/493532/n3051-oferentes-que-entregaron-oferta.pdf/dfe277bb-234e-6821-ceeb-e8790439f272,Fase II Detalle de Oferentes que entregaron oferta,274
https://www.bancodeoccidente.com.co/documents/33634/493532/posicion-n-14-N3051-acta-Adjudicacion-v1-rec-adm.pdf/7a4bea78-1d13-4cc9-4583-9f958eda368c,Acta de Adjudicación,274
https://www.bancodeoccidente.com.co/documents/33634/493314/n-3050-inicio-proceso.pdf/52a5755a-c990-0678-3ea8-6c1223d4f2b8,Inicio Proceso,274
https://www.bancodeoccidente.com.co/documents/33634/493314/n-3050-carta-remisoria.pdf/92e02d8b-4552-9abd-2538-fa7729fbac2f,Carta Remisoria,274
https://www.bancodeoccidente.com.co/documents/33634/493314/n-3050-entidades-invitadas.pdf/f18c613a-ef96-104b-6281-91fcef64d5bb,Entidades Invitadas,274
https://www.bancodeoccidente.com.co/documents/33634/493314/n-3050-documento-de-admisibilidad.pdf/86559206-d36d-103a-7f9d-06a4a1a80220,Fase I Documento de Admisibilidad,274
https://www.bancodeoccidente.com.co/documents/33634/493314/fase-ii-detalle-de-oferentes-y-de-inquietudes.pdf/0de18184-0bfa-bdd6-3696-7e9b33525407,Fase I Detalle Oferentes y N° de Inquietudes,274
https://www.bancodeoccidente.com.co/documents/33634/493314/n-3050-respuesta-aclaraciones-e-inquietudes.pdf/b322b166-2c72-57ea-9094-c368aea3afb3,Fase I Respuestas aclaraciones e Inquietudes,274
https://www.bancodeoccidente.com.co/documents/33634/493314/n-3050-acreditacion-requisitos-de-admisibilidad-4.pdf/84088a3d-7bf8-c7f7-5bc8-32e5e7980bea,Fase I Acreditación Requisitos de Admisibilidad,274
https://www.bancodeoccidente.com.co/documents/33634/493314/n-3050-posicion-n-8-fase-II-pliego-de-condiciones.pdf/4857dd88-2d4f-38fe-eb20-7e56bfe1edfc,Fase II - Pliego de Condiciones,274
https://www.bancodeoccidente.com.co/documents/33634/493314/posicion-n5-n3050-oferentes-que-escalaron-aclaraciones-e-inquietudes.pdf/8b8efef1-1a9d-bc9b-b3f6-a8909593203e,Fase II Detalle de Oferentes y N° de Inquietudes,274
https://www.bancodeoccidente.com.co/documents/33634/493314/n-3050-respuesta-final-anexo-n5-rec-registro-consultas-y-respuestas.pdf/4e5cffa8-9f95-657a-4e3d-27ed1a2917f7,Fase II Respuesta Aclaraciones e Inquietudes,274
https://www.bancodeoccidente.com.co/documents/33634/493314/n-3050-oferentes-que-entregaron-oferta.pdf/067543a4-c0b0-f4ca-173e-bd696e944254,Detalle de Oferentes que entregaron Oferta,274
https://www.bancodeoccidente.com.co/documents/33634/493314/n3050-acta-adjudicacion-vfinal.pdf/d84ca79a-b215-c6e2-9e09-7b0f418c1720,Acta de Adjudicación,274
https://www.bancodeoccidente.com.co/documents/33634/493078/n-3049-inicio-proceso.pdf/31fb158d-7333-d6f8-13c7-8e7656d17641,Inicio Proceso,274
https://www.bancodeoccidente.com.co/documents/33634/493078/n-3049-carta-remisoria.pdf/edb88232-97e8-82e7-2a34-d153c7d04dfb,Carta Remisoria,274
https://www.bancodeoccidente.com.co/documents/33634/493078/n-3049-entidades-invitadas.pdf/72a63418-f6dc-378d-cb54-37f312a505e1,Entidades Invitadas,274
https://www.bancodeoccidente.com.co/documents/33634/493078/n-3049-documento-de-admisibilidad-v5-rec-adm.pdf/4754aeb1-819c-2ac2-756d-3bc23d9dc74e,Fase I Documento de Admisibilidad,274
https://www.bancodeoccidente.com.co/documents/33634/493078/n3049-oferentes-que-escalaron-aclaraciones-e-inquietudes-2.pdf/ed638e64-a5b4-83f8-3247-37fcc3b16eea,Fase I N° de Inquietudes y Detalle Oferentes,274
https://www.bancodeoccidente.com.co/documents/33634/493078/n-3049-respuestas-aclaraciones-e-inquietudes-admisibilidad.pdf/62f597df-117e-95b7-663d-08184e657055,Fase I Respuestas aclaraciones e Inquietudes,274
https://www.bancodeoccidente.com.co/documents/33634/493078/n-3049-acreditacion-requisitos-de-admisibilidad-23-jul-2024.pdf/bf355b46-265f-d1f8-0890-4968900d6cda,Fase I Acreditación Requisitos de Admisibilidad,274
https://www.bancodeoccidente.com.co/documents/33634/493078/n-3049-pliego-condiciones-v6-final.pdf/7a978680-82b7-da9e-fc00-7f02eca1e616,Fase II - Pliego de Condiciones,274
https://www.bancodeoccidente.com.co/documents/33634/493078/n3049-oferentes-que-entregaron-oferta.pdf/1dbe6ce5-ff95-8be3-4023-aad4f63f28af,Fase II N° de Inquietudes y Detalle Oferentes,274
https://www.bancodeoccidente.com.co/documents/33634/493078/n3049-fase-ii-respuestas-aclaraciones-e-inquietudes.pdf/75d5fdfe-ab1a-9dd2-2748-fa7c1ad0b1d4,Fase II Respuestas aclaraciones e inquietudes,274
https://www.bancodeoccidente.com.co/documents/33634/493078/n-3049-adenda-no-1.pdf/2e0e51b8-ea01-bab8-f8ec-a2412e5f7b2e,Adenda N° 1,274
https://www.bancodeoccidente.com.co/documents/33634/493078/n3049-oferentes-que-escalaron-aclaraciones-e-inquietudes-1.pdf/897fbb9e-0322-f7b7-af37-7920e9e36ef5,Fase II Oferentes que entregaron oferta,274
https://www.bancodeoccidente.com.co/documents/33634/493078/n-3049-adenda-no-2.pdf/8521d842-44d1-fbb5-c5d0-f94ba7af6627,Adenda N° 2,274
https://www.bancodeoccidente.com.co/documents/33634/492788/n-3048-inicio-proceso.pdf/fd55e919-b8f7-a1bc-7d2f-1af2d48d3eac,Inicio Proceso,274
https://www.bancodeoccidente.com.co/documents/33634/492788/n-3048-carta-remisoria.pdf/d633ca59-c21c-0232-e4a5-0a45430d9f05,Carta Remisoria,274
https://www.bancodeoccidente.com.co/documents/33634/492788/n-3048-entidades-invitadas.pdf/536677be-2fb7-a901-f7fc-9f47c635d090,Entidades Invitadas,274
https://www.bancodeoccidente.com.co/documents/33634/492788/n-3048-documento-de-admisibilidad.pdf/162fe88b-4b3b-6aea-a7c0-38c9d7ef0055,Documento de Admisibilidad,274
https://www.bancodeoccidente.com.co/documents/33634/492788/n-3048-pliego-condiciones.pdf/a44eae92-b1ec-4c59-1782-9bc86fd83f45,Pliego de Condiciones,274
https://www.bancodeoccidente.com.co/documents/33634/492788/n-3048-entidades-que-retiraron-pliego-de-condiciones.pdf/b5c9c7a9-f8c4-6dee-31ea-c2a768141cd4,Entidades que retiraron Pliego de Condiciones,274
https://www.bancodeoccidente.com.co/documents/33634/492788/n-3048-oferentes-que-escalaron-aclaraciones-e-inquietudes.pdf/5e7c4804-4c51-e55e-a7a6-dc7107b3965d,Oferentes que escalaron aclaraciones e Inquietudes,274
https://www.bancodeoccidente.com.co/documents/33634/492788/n-3048-respuestas-aclaraciones-e-inquietudes.pdf/49dff706-2ad4-28de-0e17-dc877be5e329,Respuestas aclaraciones e Inquietudes,274
https://www.bancodeoccidente.com.co/documents/33634/492788/n-3048-04-adenda-no-1-12-jun-2024.pdf/b7ea5766-ed43-1466-9caa-796a4b786f62,Adenda Nº 1,274
https://www.bancodeoccidente.com.co/documents/33634/492788/n-3048-acreditacion-requisitos-de-admisibilidad-22-jul-2024.pdf/43ed9dc8-31c3-750d-9bbd-6b7b9acf0a25,Acreditación requisitos de admisibilidad,274
https://www.bancodeoccidente.com.co/documents/33634/492788/n3048-adenda-no2-2-jul-2024.pdf/f844c4fc-2af6-1686-93f7-1910ecc2e479,Adenda Nº 2,274
https://www.bancodeoccidente.com.co/documents/33634/492788/acta-adjudicacion.pdf/067f02c1-c551-b461-e633-f0aef20cc89f,Acta de adjudicación,274
https://portalpublico.bancodeoccidente.com.co/documents/d/guest/comparativo-vigencia-2024-2026-v2-rec-adm,Información comparativa,274
https://www.bancodeoccidente.com.co/documents/33634/492788/caratula-credito-hipotecario.pdf/b4204a99-df7e-9ff7-bc92-8925a7614306,Carátula Crédito Hipotecario,274
https://www.bancodeoccidente.com.co/documents/33634/492788/caratula-leasing-habitacional.pdf/3571328d-2e6f-57e8-e33c-10294293e48d,Carátula Leasing Habitacional,274
https://www.bancodeoccidente.com.co/documents/33634/492788/caratula-vivienda-interes-social.pdf/31b16532-3024-4419-8bf7-9e4abbd60de7,Carátula Vivienda Interés Social,274
https://www.bancodeoccidente.com.co/documents/33634/492669/n-3046-10-actualizar-entrega-acred-adm-publicacin-19-feb-2024.pdf/b67fa781-7ffd-aa13-bfed-a5a983fcd101,Fase 1 Licitación 3046,274
https://www.bancodeoccidente.com.co/documents/33634/492669/N3046-05-actualizacion-respuesta-aclaraciones-15-01-2024.pdf/1b772035-a9e7-ebe8-2fdb-4de64a78b117,Fase 2 Licitación 3046,274
https://www.bancodeoccidente.com.co/documents/33634/492669/n3046-07-actualizacion-modificacion-adenda-no1-17-01-2024.pdf/3b3b1dff-0796-8bd3-5b8e-cd7fc26709f1,Adenda Nº 1,274
https://www.bancodeoccidente.com.co/documents/33634/492669/n-3046-11-2024-acta-adjudicacioon-v6-final.pdf/c3695036-7c2f-4ced-0958-2f52903e1a0d,Acta de Adjudicación,274
https://www.bancodeoccidente.com.co/documents/33634/492669/n-3046-12-comparativo-vigencia-2024-2026-v1-rec-adm.pdf/c6fa9bd3-e33f-ba3d-262d-fd9b38034ef5,Información Comparativa,274
https://www.bancodeoccidente.com.co/documents/33634/492669/n3046-caratula-web-leasing-habitacional.pdf/84762c65-1f89-c287-44b0-fb7047e7f28b,Póliza Contrato Leasing Habitacional,274
https://www.bancodeoccidente.com.co/documents/33634/492669/n3046-caratula-web-credito-hipotecario.pdf/be2773b1-1bf5-62d9-2309-744a4ad0b171,Póliza Crédito Hipotecario,274
https://www.bancodeoccidente.com.co/documents/33634/492559/n-3044-12-actualizar-cierre-fase-adm-publicacion-7-nov-2023.pdf/9f27b326-6d21-27df-a900-b764106e2ce6,Fase 1 Licitación 3044,274
https://www.bancodeoccidente.com.co/documents/33634/492559/n-3044-07-actualizar-respuestas-a-aclaraciones-publicacion-3-oct-2023.pdf/26b04ebe-1d7a-23cf-8d76-97354f79e16f,Fase 2 Licitación 3044,274
https://www.bancodeoccidente.com.co/documents/33634/492559/n3044-04-crear-adenda-n-1-publicacion-18-sep-2023.pdf/3f2200a9-ac8f-f924-327b-fa17abd1d86f,Adenda N° 1,274
https://www.bancodeoccidente.com.co/documents/33634/492559/n-3044-06-crear-adenda-no-2-publicacion-2-oct-2023.pdf/ccc0686d-18c0-97e9-a8d2-edc33991a63d,Adenda N° 2,274
https://www.bancodeoccidente.com.co/documents/33634/492559/n3044-10-crear-adenda-n3-publicacion-30-oct-2023.pdf/36ae0cb5-3f1f-5c0b-f920-6f88603bbe48,Adenda N° 3,274
https://www.bancodeoccidente.com.co/documents/33634/492559/N3044-13-acta-audiencia-publica.pdf/393abbb1-ce2c-3b6d-af15-6e6514a37f31,Acta Audiencia Pública,274
https://www.bancodeoccidente.com.co/documents/33634/492485/n-3043-06-final-resultado-adm-19-Jul-2023.pdf/f34ae08b-ac4d-70a1-5fa3-806e3946fef1,Fase 1 Invitación 3043,274
https://www.bancodeoccidente.com.co/documents/33634/492485/n-3043-11-entrega-ofertas-condiciones-04-sep-2023.pdf/7d3bca29-22f7-052c-383c-0f90dcfb0316,Fase 2 Invitación 3043,274
https://www.bancodeoccidente.com.co/documents/33634/492485/n-3043-08-adenda-01-invitacion.pdf/cea342fe-8e6b-6f13-5aa2-341b00d7d03c,Adenda N° 1,274
https://www.bancodeoccidente.com.co/documents/33634/492485/n3043-12-acta-adjudicaciom-v3-publicacion-web.pdf/61f09666-fd4c-766b-c2ba-abea616e0dd6,Acta de Adjudicación,274
https://www.bancodeoccidente.com.co/documents/33634/492429/n-3042-06-final-resultado-adm-19-Jul-2023.pdf/bca9cfce-696a-1ddf-d087-33f90c9d8cd6,Fase 1 Invitación 3042,274
https://www.bancodeoccidente.com.co/documents/33634/492429/n-3042-10-entrega-oferta-condiciones-04-sep-2023.pdf/eb7a9017-f61b-5a39-bb78-957cf510e888,Fase 2 Invitación 3042,274
https://www.bancodeoccidente.com.co/documents/33634/492429/n-3042-11-acta-adjudicacioon-v2-rec-adm.pdf/a984a75c-b948-1a57-8660-e1e742f2aaf6,Acta de Adjudicación,274
https://www.bancodeoccidente.com.co/documents/33634/492337/n3040-06-invitacion-publicacion-31-mar-2023.pdf/6d13506a-89a3-d820-409a-10fd3fac3ab7,Fase 1 Invitación 3040,274
https://www.bancodeoccidente.com.co/documents/33634/492337/n-3040-11-invitacion-publicacion-7-Jun-2023.pdf/fe54a8a4-6191-fd07-2d44-946adef8134a,Fase 2 Invitación 3040,274
https://www.bancodeoccidente.com.co/documents/33634/492337/N3040-05-invitacion-publicacion-23-Mar-2023.pdf/8b3a62f6-42cb-b890-1f57-88e397c00222,Adenda N° 1,274
https://www.bancodeoccidente.com.co/documents/33634/492337/n-3040-10-invitacion-publicacion-5-Jun-2023.pdf/1222815a-f9f8-7931-0752-bc88feb36951,Adenda N° 2,274
https://www.bancodeoccidente.com.co/documents/33634/492337/n-3040-12-acta-adjudicacion-v3-rec-adm.pdf/6a1aedf5-54bd-742c-044c-de3bae10d572,Acta de Adjudicación,274
https://portalpublico.bancodeoccidente.com.co/documents/d/guest/contenido-gri-2021,Contenido GRI 2021,295
https://portalpublico.bancodeoccidente.com.co/documents/d/guest/informe-de-sostenibilidad-2021,Informe de sostenibilidad 2021,295
https://portalpublico.bancodeoccidente.com.co/documents/d/guest/balance-generacion-de-valor-social-2019,Balance Generación de Valor Social 2019,295
https://portalpublico.bancodeoccidente.com.co/documents/d/guest/balance-generacion-de-valor-social-2018,Balance Generación de Valor Social 2018,295
https://portalpublico.bancodeoccidente.com.co/documents/d/guest/balance-generacion-de-valor-social-2017,Balance Generación de Valor Social 2017,295
https://portalpublico.bancodeoccidente.com.co/documents/d/guest/balance-generacion-de-valor-social-2016,Balance Generación de Valor Social 2016,295
https://portalpublico.bancodeoccidente.com.co/documents/d/guest/balance-generacion-de-valor-social-2015,Balance Generación de Valor Social 2015,295
https://portalpublico.bancodeoccidente.com.co/documents/d/guest/balance-generacion-de-valor-social-2014,Balance Generación de Valor Social 2014,295
https://portalpublico.bancodeoccidente.com.co/documents/d/guest/balance-generacion-de-valor-social-2013,Balance Generación de Valor Social 2013,295
https://portalpublico.bancodeoccidente.com.co/documents/d/guest/balance-generacion-de-valor-social-2012,Balance Generación de Valor Social 2012,295
https://portalpublico.bancodeoccidente.com.co/documents/d/guest/balance-generacion-de-valor-social-2011,Balance Generación de Valor Social 2011,295
https://portalpublico.bancodeoccidente.com.co/documents/d/guest/balance-generacion-de-valor-social-2010,Balance Generación de Valor Social 2010,295
https://portalpublico.bancodeoccidente.com.co/documents/d/guest/authorisation-for-the-processing-of-personal-data-1,Authorisation for the processing of personal data,295
https://portalpublico.bancodeoccidente.com.co/documents/d/guest/code-of-ethics-and-conduct-banco-de-occidente,Code of Ethics and Conduct Banco de Occidente,295
https://portalpublico.bancodeoccidente.com.co/documents/d/guest/personal-data-processing-policies-1,Personal Data Processing Policies,295
https://portalpublico.bancodeoccidente.com.co/documents/d/guest/privacy-notice-1,Privacy Notice,295
https://www.bancodeoccidente.com.co/documents/d/guest/listados-computo,Ver Catálogo,316
https://www.bancodeoccidente.com.co/webdav/guest/document_library/Documentos%20Banner%20two%20buttoms/Seguro%20de%20Vida%20Vivienda/brochure-seguros-vivienda-15-feb-2023.pdf,Ver todas las características,342
https://www.dian.gov.co/Calendarios/Calendario_Tributario_2026.pdf,Consulta aquí,436
https://portalpublico.bancodeoccidente.com.co/documents/d/empresas/tarifario-de-transporte,clic aquí.,444
https://www.bancodeoccidente.com.co/documents/33634/1032386/C%C3%B3digo+del+Buen+Gobierno+Corporativo.pdf/7727eb86-450c-7839-a8c5-fb1a6d35e640?version=1.0&t=1773344151698&download=true,,019
https://www.bancodeoccidente.com.co/documents/33634/1031782/2018.pdf/56bdfa9b-ec23-0e61-8162-90b89d069c9e?version=1.0&t=1773338266368&download=true,,019
https://www.bancodeoccidente.com.co/documents/33634/1031782/2019.pdf/3334da85-e3ff-7853-452c-cba94670482a?version=1.0&t=1773338267123&download=true,,019
https://www.bancodeoccidente.com.co/documents/33634/1031782/2020.pdf/acee3f25-5e03-b764-36ec-2529f8ecb007?version=1.0&t=1773338267892&download=true,,019
https://www.bancodeoccidente.com.co/documents/33634/1031782/2021.pdf/30458ee3-0794-838f-a71f-c115a3744f59?version=1.0&t=1773338268819&download=true,,019
https://www.bancodeoccidente.com.co/documents/33634/1031991/fw8bene.pdf/fd4a939e-ca79-27ed-b307-1f5c7987ade4?version=1.0&t=1773339521274&download=true,,019
https://www.bancodeoccidente.com.co/documents/33634/1031991/Patriot_Act_2026_BO.pdf/e41240b1-4b55-f025-ffcd-b06c7075b52e?version=2.0&t=1776193527197&download=true,,019
https://www.bancodeoccidente.com.co/documents/33634/1031991/Preguntas+Frecuentes+sobre+FATCA+%28Espa%C3%B1ol%29.pdf/b697b77a-4b56-db76-86a6-dbf9241e165a?version=1.0&t=1773339523137&download=true,,019
https://www.bancodeoccidente.com.co/documents/33634/1031950/Manual+de+Riesgos+de+Conglomerados.pdf/1fd2e556-b50b-e428-8f8c-9a8e8f1bb6b1?version=1.0&t=1773339292451&download=true,,019
https://www.bancodeoccidente.com.co/documents/33634/1031950/Politica+Conflicto+de+Inter%C3%A9s+del+Conglomerado+Banco+de+Occidente.pdf/d1148166-6d00-0ff1-9c17-235403aa70bc?version=1.0&t=1773339293438&download=true,,019
https://www.bancodeoccidente.com.co/documents/33634/1030955/Encuestas+2013.pdf/234765d8-8b6f-a621-197f-fc918a717c37?version=1.0&t=1773343711361&download=true,,019
https://www.bancodeoccidente.com.co/documents/33634/1030955/Encuestas+2014.pdf/9b6d9ccb-61ed-110f-cc16-ecdc0f79b9a3?version=1.0&t=1773343712164&download=true,,019
https://www.bancodeoccidente.com.co/documents/33634/1030955/Encuestas+2015.pdf/3482a1d8-9c29-4567-86c6-1d27ee448a5e?version=1.0&t=1773343713132&download=true,,019
https://www.bancodeoccidente.com.co/documents/33634/1030955/Encuestas+2016.pdf/d861c47d-4933-9459-e1d8-be61ba2a3971?version=1.0&t=1773343692660&download=true,,019
https://www.bancodeoccidente.com.co/documents/33634/1030955/Encuestas+2017.pdf/267d8889-3a15-e014-9d1d-cd2db7b1c8ed?version=1.0&t=1773343695426&download=true,,019
https://www.bancodeoccidente.com.co/documents/33634/1030955/Encuestas+2018.pdf/a45106c5-a2f7-5f4a-d4b6-88ff2d04624d?version=1.0&t=1773343697472&download=true,,019
https://www.bancodeoccidente.com.co/documents/33634/1030955/Encuestas+2019.pdf/c81f6e35-7ada-c83a-25ac-7b57834d747f?version=1.0&t=1773343699467&download=true,,019
https://www.bancodeoccidente.com.co/documents/33634/1030955/Encuestas+2020.pdf/3edd6623-b84a-0f00-5cb7-87f855b8489e?version=1.0&t=1773343701374&download=true,,019
https://www.bancodeoccidente.com.co/documents/33634/1030955/Encuestas+2021.pdf/c2855458-2027-6b79-bfbf-548bde1ae49b?version=1.0&t=1773343702989&download=true,,019
https://www.bancodeoccidente.com.co/documents/33634/1031905/Reglamento+Comit%C3%A9+Auditor%C3%ADa.pdf/628332a6-8670-ee55-03c6-4485a400ddfc?version=1.0&t=1773338907851&download=true,,019
https://www.bancodeoccidente.com.co/documents/33634/1033277/Adendo+No.1.pdf/34276bc4-4483-3e81-f581-918770feae10?version=1.1&t=1773345826926&download=true,,019
https://www.bancodeoccidente.com.co/documents/33634/1033277/Adendo+No.2.pdf/fd03017b-871d-dd71-70ed-e3cd1cf2e571?version=1.1&t=1773345827810&download=true,,019
https://www.bancodeoccidente.com.co/documents/33634/1033277/Adendo+No.3.pdf/fef0f5a6-7200-f669-852a-fff11c2b6539?version=1.1&t=1773345828613&download=true,,019
https://www.bancodeoccidente.com.co/documents/33634/1033277/Adendo+No.4.pdf/7e322bd0-bb7f-fed2-82a7-f2df6dac108c?version=1.1&t=1773345829358&download=true,,019
https://www.bancodeoccidente.com.co/documents/33634/1033277/Adendo+No.5.pdf/ae790a36-f525-9aa8-27e2-9b3e769c0956?version=1.1&t=1773345830187&download=true,,019
https://www.bancodeoccidente.com.co/documents/33634/1033277/Adendo+No.6.pdf/c55f80b0-e235-2551-1d35-46d642d8c48d?version=1.1&t=1773345830995&download=true,,019
https://www.bancodeoccidente.com.co/documents/33634/1033826/C%C3%A1mara+de+Comercio+Junio.pdf/2e104258-c884-f5b9-4567-a4720a69a072?version=1.1&t=1773346040774&download=true,,019
https://www.bancodeoccidente.com.co/documents/33634/1033826/Superfinanciera.pdf/d446b0eb-1737-9a6e-49c7-1b50225df2af?version=1.1&t=1773346041654&download=true,,019
https://www.bancodeoccidente.com.co/documents/33634/1033767/Extracto+Acta+parte+1.pdf/3a807ab5-1726-908a-7c7d-4160144b6a2d?version=1.1&t=1773345942969&download=true,,019
https://www.bancodeoccidente.com.co/documents/33634/1033767/Extracto+Acta+parte+2.pdf/f22adc33-c5ab-efe6-f2c6-22985e55d692?version=1.1&t=1773345943806&download=true,,019
https://www.bancodeoccidente.com.co/documents/33634/1033689/Barbados.pdf/3aa89168-3718-8279-edcf-3563ad81754d?version=1.1&t=1773345935718&download=true,,019
https://www.bancodeoccidente.com.co/documents/33634/1033689/Fiduciaria.pdf/be1f6e56-4a40-5dc5-4786-bb9aa0f1cfb7?version=1.1&t=1773345936511&download=true,,019
https://www.bancodeoccidente.com.co/documents/33634/1033689/Leasing.pdf/7489a2f2-258a-9190-489f-15347096bde5?version=1.1&t=1773345937518&download=true,,019
https://www.bancodeoccidente.com.co/documents/33634/1033689/Ventas+y+Servicios.pdf/46e63825-def8-c9de-8c69-e910458f3482?version=1.1&t=1773345938635&download=true,,019
https://www.bancodeoccidente.com.co/documents/33634/1033689/Ventas+y+Servicios+2.pdf/b672b698-10f5-b5bf-5c74-ddc717bc97e7?version=1.1&t=1773345939410&download=true,,019
https://www.bancodeoccidente.com.co/documents/33634/1033642/Utilidades+a+Junio+de+2010.pdf/45c52901-9fc1-00a4-31c4-257cf455642b?version=1.1&t=1773345932690&download=true,,019
https://www.bancodeoccidente.com.co/documents/33634/1033642/Utilidades+a%C3%B1os+2008+y+2009.pdf/c0640a92-a3f4-fdcb-3321-7a17c5d90a04?version=1.1&t=1773345933602&download=true,,019
https://www.bancodeoccidente.com.co/documents/33634/1033616/2007.pdf/2d038799-9718-86b5-49b6-0f8a48da90cb?version=1.0&t=1773345929033&download=true,,019
https://www.bancodeoccidente.com.co/documents/33634/1033616/2008.pdf/7d02ee34-32bf-c132-e5dd-0f079dc7f2aa?version=1.0&t=1773345929320&download=true,,019
https://www.bancodeoccidente.com.co/documents/33634/1033616/2009.pdf/41fa00e2-49f0-68bc-2c20-103aeb6dfbdc?version=1.0&t=1773345929597&download=true,,019
https://www.bancodeoccidente.com.co/documents/33634/1033521/dic-07.pdf/e0110694-2135-c953-00be-8a61b425a5ee?version=1.0&t=1773345843749&download=true,,019
https://www.bancodeoccidente.com.co/documents/33634/1033521/dic-09.pdf/e33bc2a4-f3e2-47ce-939d-29bc07222f95?version=1.0&t=1773345844324&download=true,,019
https://www.bancodeoccidente.com.co/documents/33634/1033521/jun-08.pdf/66f4ab56-9cad-20b5-c315-19af08e3c5a5?version=1.0&t=1773345844726&download=true,,019
https://www.bancodeoccidente.com.co/documents/33634/1033521/jun-09.pdf/09e97768-b069-706b-b2d2-1e6ae50bf5b5?version=1.0&t=1773345845100&download=true,,019
https://www.bancodeoccidente.com.co/documents/33634/1032811/primera-vuelta-2007.pdf/c5dc8b13-ace1-17b8-7499-357306651978?version=1.0&t=1773345581368&download=true,,019
https://www.bancodeoccidente.com.co/documents/33634/1032811/segunda-vuelta-2007.pdf/8a5434c5-bccc-a83f-f9cd-fcd0e1b1cf43?version=1.0&t=1773345581773&download=true,,019
https://www.bancodeoccidente.com.co/documents/33634/1032835/Primera+Vuelta.pdf/005c7315-a751-fea7-3a87-afce534c94ea?version=1.1&t=1773345582467&download=true,,019
https://www.bancodeoccidente.com.co/documents/33634/1032835/Segunda+Vuelta.pdf/a63730a3-ae7d-7dcf-b02a-aec205e754f0?version=1.1&t=1773345583457&download=true,,019
https://www.bancodeoccidente.com.co/documents/33634/1033206/Autorizaci%C3%B3n+SFC.pdf/9f4d66de-3d48-0070-915b-6ad6d96514f7?version=1.1&t=1773345820163&download=true,,019
https://www.bancodeoccidente.com.co/documents/33634/1033206/Certificaciones.pdf/db3bd88c-86ad-f6ed-b6b5-f3224e3a68b9?version=1.1&t=1773345822711&download=true,,019
https://www.bancodeoccidente.com.co/documents/33634/1032952/I+Emisi%C3%B3n+Bonos+Ordinarios+2010.pdf/f8f0e51d-42ca-97e9-dc17-76738ef4dc56?version=1.0&t=1773345715447&download=true,,019
https://www.bancodeoccidente.com.co/documents/33634/1032952/II+Emisi%C3%B3n+Bonos+Ordinarios+2011.pdf/b5a9e718-db3d-1cd4-51fe-4ef4ae3d6073?version=1.0&t=1773345715688&download=true,,019
https://www.bancodeoccidente.com.co/documents/33634/1032952/III+Emisi%C3%B3n+Bonos+Ordinarios+2011.pdf/2555b131-2b7f-26bc-548e-451f996494d8?version=1.0&t=1773345715983&download=true,,019
https://www.bancodeoccidente.com.co/documents/33634/1032952/IV+Emisi%C3%B3n+Bonos+Subordinados+2012.pdf/70918ee4-1ced-8901-240f-a5d666a88e87?version=1.0&t=1773345716355&download=true,,019
https://www.bancodeoccidente.com.co/documents/33634/1032952/IX+Emisi%C3%B3n+de+Bonos+Ordinarios+2014.pdf/6937e83a-e69f-b369-e1cb-d0ff5631fbac?version=1.0&t=1773345716857&download=true,,019
https://www.bancodeoccidente.com.co/documents/33634/1032952/Tenedores+de+Bonos.pdf/51436c9b-aa6b-18db-25d3-129f04002304?version=1.0&t=1773345717300&download=true,,019
https://www.bancodeoccidente.com.co/documents/33634/1032952/V+Emisi%C3%B3n+de+Bonos+Ordinarios+2012.pdf/10bd7e80-f5ef-c11e-c6b8-57c7e3a3409f?version=1.0&t=1773345717648&download=true,,019
https://www.bancodeoccidente.com.co/documents/33634/1032952/VI+Emisi%C3%B3n+de+Bonos+Subordinarios+2013.pdf/d4e6315a-0f02-e93e-9df8-2abdb6b435bb?version=1.0&t=1773345717981&download=true,,019
https://www.bancodeoccidente.com.co/documents/33634/1032952/VII+Emisi%C3%B3n+de+Bonos+Ordinarios+2013.pdf/79446b4b-e543-d3e1-c59b-be17b7282327?version=1.0&t=1773345718211&download=true,,019
https://www.bancodeoccidente.com.co/documents/33634/1032952/VIII+Emisi%C3%B3n+de+Bonos+Ordinarios+2013.pdf/00d4c868-5eb0-4fe2-67ff-1909caf3965b?version=1.0&t=1773345718467&download=true,,019
https://www.bancodeoccidente.com.co/documents/33634/1032952/X+Emisi%C3%B3n+de+Bonos+Ordinarios+2015.pdf/a30ede40-6a7b-adec-7ac4-610bd6244072?version=1.0&t=1773345718707&download=true,,019
https://www.bancodeoccidente.com.co/documents/33634/1032952/XI+Emisi%C3%B3n+de+Bonos+Ordinarios+2015.pdf/649446ef-ead7-bdcb-1a8a-fe4a4de3b92c?version=1.0&t=1773345718971&download=true,,019
https://www.bancodeoccidente.com.co/documents/33634/1032952/XII+Emisi%C3%B3n+de+Bonos+Subordinados+2016.pdf/63878323-e0dc-1a27-0879-b2944add111e?version=1.0&t=1773345719314&download=true,,019
https://www.bancodeoccidente.com.co/documents/33634/1032952/XIII+Emisi%C3%B3n+de+Bonos+Ordinarios+2016.pdf/cbb65274-aaa9-4f7f-d52a-392decbfd81b?version=1.0&t=1773345719642&download=true,,019
https://www.bancodeoccidente.com.co/documents/33634/1032952/XIV+Emisi%C3%B3n+de+Bonos+Ordinarios+2017.pdf/bd0858fb-3dca-fb0e-f3ac-da1cfb1f94ef?version=1.0&t=1773345720182&download=true,,019
https://www.bancodeoccidente.com.co/documents/33634/1032952/XV+Emisi%C3%B3n+de+Bonos+Subordinados+2017.pdf/e488b07f-0c43-874d-18ea-60a9f6637ef9?version=1.0&t=1773345720465&download=true,,019
https://www.bancodeoccidente.com.co/documents/33634/1032952/XVI+Emisi%C3%B3n+de+Bonos+Ordinarios+2017.pdf/93c9b87e-390a-0237-d161-5deed63734a5?version=1.0&t=1773345720910&download=true,,019
https://www.bancodeoccidente.com.co/documents/33634/1032952/XVII+Emisi%C3%B3n+de+Bonos+Ordinarios+2019.pdf/2b71ad97-e16e-d111-d8b6-11e7a0bebb6e?version=1.0&t=1773345721401&download=true,,019
https://www.bancodeoccidente.com.co/documents/33634/1032952/XVIII+Emisi%C3%B3n+de+Bonos+Ordinarios+2020.pdf/72d15ddc-4fda-c26f-4cc2-e0c669ae614e?version=1.0&t=1773345721636&download=true,,019
https://www.bancodeoccidente.com.co/documents/33634/1033858/Per%C3%ADodo+Exdividendo.pdf/955f1f0f-e0f9-898b-32ba-c9b6b1a599a1?version=1.1&t=1773346043468&download=true,,019
https://www.bancodeoccidente.com.co/documents/43377/0/Puntos+corresponsales+Bancarios+AGO+2026.xlsx/67045fed-0c3d-3219-72ea-bf75792e79d3?download=true,,082
https://www.bancodeoccidente.com.co/documents/43377/268046/SOLICITUD-APERTURA-CARTA-CREDITO-STAND-BY+%281%29.doc/7cb240d2-ef7c-37a6-385f-e22e6834c7c5?download=true,,411
https://www.bancodeoccidente.com.co/documents/d/guest/eng_dic_25_sep_eeff_bocc1?download=true,,019
https://portalpublico.bancodeoccidente.com.co/documents/d/guest/estado-financiero-separado-a-diciembre-31-de-2008-2,,019
https://portalpublico.bancodeoccidente.com.co/documents/d/guest/estado-financiero-semestral-a-diciembre-31-de-2016-1,,019
https://portalpublico.bancodeoccidente.com.co/documents/d/guest/estado-financiero-semestral-a-diciembre-31-de-2015-1,,019
https://portalpublico.bancodeoccidente.com.co/documents/d/guest/estado-financiero-semestral-a-junio-30-de-2015-1,,019
https://portalpublico.bancodeoccidente.com.co/documents/d/guest/estado-financier-mestral-a-diciembre-31-de-2014,,019
https://portalpublico.bancodeoccidente.com.co/documents/d/guest/estado-financiero-semestral-a-junio-30-de-2014-1,,019
https://portalpublico.bancodeoccidente.com.co/documents/d/guest/estado-financiero-semestral-a-diciembre-31-de-2013-1,,019
https://portalpublico.bancodeoccidente.com.co/documents/d/guest/estado-financiero-semestral-a-junio-30-de-2013-1,,019
https://portalpublico.bancodeoccidente.com.co/documents/d/guest/estado-financiero-semestral-a-junio-30-de-2012-1,,019
https://portalpublico.bancodeoccidente.com.co/documents/d/guest/estado-financiero-semestral-a-diciembre-31-de-2011-1,,019
https://portalpublico.bancodeoccidente.com.co/documents/d/guest/estado-financiero-semestral-a-junio-30-de-junio-de-2011,,019
https://www.bancodeoccidente.com.co/documents/d/guest/eng-dic_25_con_eeff_bocc1?download=true,,019
https://portalpublico.bancodeoccidente.com.co/documents/d/guest/balance-a-diciembre-31-de-2021,,019
https://portalpublico.bancodeoccidente.com.co/documents/d/guest/balance-a-diciembre-ano-2020-en,,019
https://portalpublico.bancodeoccidente.com.co/documents/d/guest/balance-banco-de-occidente-en-ingles-agosto-19,,019
https://portalpublico.bancodeoccidente.com.co/documents/d/guest/balance-ingles-2018,,019
https://portalpublico.bancodeoccidente.com.co/documents/d/guest/semiannual-financial-statement-as-of-december-31-2017,,019
https://www.bancodeoccidente.com.co/documents/33634/583786/Certificado+de+acciones+en+Circulaci%C3%B3n.pdf/a08c4e81-fb54-b93c-9dc5-de2f572fe573?download=true,,019
https://www.bancodeoccidente.com.co/documents/33634/583786/Informe+Asamblea+Marzo+2025.zip/3f13436d-8f98-a3d9-c69f-3d50fabce788?download=true,,019
https://www.bancodeoccidente.com.co/documents/33634/583786/Informe+Asamblea+Marzo+2024.zip/6f448515-93d8-4854-15a2-f32f98b2e562?download=true,,019
https://www.bancodeoccidente.com.co/documents/33634/583786/Informe+Asamblea+Marzo+2023.zip/402eb617-8e05-edf1-8d09-d6f9b6cafcd2?download=true,,019
https://www.bancodeoccidente.com.co/documents/33634/583786/Informe+Asamblea+Marzo+2022.zip/07af25d3-bc05-897c-b0b4-f4c600fe83f6?download=true,,019
https://www.bancodeoccidente.com.co/documents/33634/583786/Informe+Asamblea+Marzo+2021.zip/167d341d-6ebf-4409-92ac-06966899abc3?download=true,,019
https://www.bancodeoccidente.com.co/documents/33634/579420/Calificaci%C3%B3n+BRC+Investor+Services+S.A.+SCV+2021.pdf/4f31427c-ac93-7196-ac62-6613d2a69029?download=true,,019
https://www.bancodeoccidente.com.co/documents/33634/579420/Calificaci%C3%B3n+Fitch+Rating+2020.pdf/bef4c04d-809d-8e38-f623-a60375dd6a5a?download=true,,019
https://www.bancodeoccidente.com.co/documents/33634/579420/Calificaci%C3%B3n+Standard+%26+Poor%27s+2020.pdf/2e6f5d02-2343-f25e-2ed1-e96a678327a0?download=true,,019
https://www.bancodeoccidente.com.co/documents/33634/579420/Calificaci%C3%B3n+Fitch+Rating+2019.pdf/b802f38f-8ca6-a3a5-637e-7315b28bcf77?download=true,,019
https://www.bancodeoccidente.com.co/documents/33634/579420/Calificaci%C3%B3n+Standard+%26+Poor%27s+2019.pdf/fb33e471-5e24-6bbc-24c2-82d2bbcbbb68?download=true,,019
https://www.bancodeoccidente.com.co/documents/33634/579420/Calificaci%C3%B3n+Fitch+Rating.pdf/d4ec730f-943f-d210-f440-43b7b84ffd90?download=true,,019
https://www.bancodeoccidente.com.co/documents/33634/579420/Calificaci%C3%B3n+Standard+%26+Poor%27s.pdf/539f29e6-002a-9a6e-2ca4-0e31e814636e?download=true,,019
https://www.bancodeoccidente.com.co/documents/33634/0/Formato+unificado+de+vinculacio%CC%81n+para+Persona+Natural+FTO-MIS-37+%287%29.xlsm/faa38810-0765-56ea-d1e4-5d15d59502cd?download=true,,155
https://www.bancodeoccidente.com.co/documents/33634/0/Formato+unificado+de+vinculacio%CC%81n+para+Persona+Natural+FTO-MIS-37+%286%29.xlsm/878986db-bf5f-7a8d-1cd2-6d4ca929ba6d?download=true,,159
https://www.bancodeoccidente.com.co/documents/33634/0/Formato+unificado+de+vinculacio%CC%81n+para+Persona+Natural+FTO-MIS-37+%285%29.xlsm/ad8c65f9-a2ea-cf47-5b6e-2192177de8bc?download=true,,154
https://www.bancodeoccidente.com.co/documents/33634/0/Formato+unificado+de+vinculacio%CC%81n+para+Persona+Natural+FTO-MIS-37+%2810%29.xlsm/a15f1311-ed51-f5e5-3028-4098b355c924?download=true,,180
https://www.bancodeoccidente.com.co/documents/33634/0/RUT+OCTUBRE.pdf/5dcc25de-04a7-f1b0-ce00-db23ba33a8bb?download=true,,018
https://www.bancodeoccidente.com.co/documents/33634/1030668/CAMARA+DE+COMERCIO+OCTUBRE.pdf/fbf4aba0-2626-2333-f51d-6e51c1db5c3c?download=true,,018
https://www.bancodeoccidente.com.co/documents/33634/1030668/Certificado+Existencia+OCTUBRE.pdf/35e3ad10-9fa7-508a-f599-edb409b59aa2?download=true,,018
https://www.bancodeoccidente.com.co/documents/33634/490592/Formato+unificado+de+vinculacio%CC%81n+para+Persona+Natural.xlsm/6b656b81-1a9c-5959-cd7a-2f5485036386?download=true,,171
https://portalpublico.bancodeoccidente.com.co/documents/d/guest/informacion-corporativa-sobre-privacidad-y-tratamiento-de-datos,,308
https://portalpublico.bancodeoccidente.com.co/documents/d/guest/manual-de-politicas-de-vinculacion-y-conocimiento-de-clientes,,308
https://portalpublico.bancodeoccidente.com.co/documents/d/guest/politica-de-prevencion-acoso-laboral,,308
https://portalpublico.bancodeoccidente.com.co/documents/d/guest/reglamento-interno-de-trabajo,,308
https://portalpublico.bancodeoccidente.com.co/documents/d/guest/corporate-information-on-privacy-and-data-processin,,308
https://portalpublico.bancodeoccidente.com.co/documents/d/guest/customer-knowledge-and-linking-policies-manual,,308
https://portalpublico.bancodeoccidente.com.co/documents/d/guest/internal-labor-regulations,,308
https://portalpublico.bancodeoccidente.com.co/documents/d/guest/workplace-harassment-prevention-policy,,308
