id_a,id_b,similitud,titulo_a,titulo_b
518,645,1.0,estado financiero separado a diciembre 31 de 2023,estados financieros separados 1
522,646,1.0,estado financiero consolidado a diciembre 31 de 2023,estados financieros consolidados 1
527,611,1.0,jun 25 sep eeff bocc1,jun 25 sep eeff bocc
546,655,1.0,estado financiero trimestral julio septiembre 2023,estados financieros consolidados noviembre 1
612,990,1.0,profile e bcooccidente rp25,Colombia
070,581,0.98,reglamento junta directiva 1,REGLAMENTO INTERNO JUNTA DIRECTIVA DEL BANCO DE OCCIDENTE
173,790,0.98,formato solicitud de productos persona natural,Hoja: Solicitud de Productos PN
253,997,0.98,tyc apple pay 2026,t y c billetera apple pay
300,520,0.98,estados financieros consolidados 2025,dic 25 con eeff bocc1
514,515,0.98,presentacion asamblea ordinaria de accionistas 2023,presentacion asamblea ordinaria de accionistas 2022
541,610,0.98,jun 25 con eeff bocc1,jun 25 con eeff bocc
628,650,0.98,reporte de implementacion de mejores practicas corporativas 2024,reporte de implementacion de mejores practicas corporativas 2023 1
143,744,0.97,guia de uso credito rotativo,guia de uso credito rotativo 1
112,728,0.92,guia de uso tc credencial latam pass mercadeo,guia de uso tc credencial latam pass
195,1012,0.92,6914 condicionado sfc v3,1199 vive la vida sector oficial
253,751,0.92,tyc apple pay 2026,tyc apple pay 2026 1
943,1115,0.92,TÉRMINOS Y CONDICIONES DE LA CAMPAÑA “TERCERA CAMPAÑA SOMBRILLA – DUPL,tyc campana q3
059,563,0.91,certificacion sarlaf 1,CERTIFICACIÓN SOBRE EL SISTEMA DE ADMINISTRACIÓN DE RIESGO DE LAVADO D
165,167,0.91,Contrato leasing habitacional no familiar en pesos tasa fija,Contrato leasing habitacional destinado a vivienda no familiar en UVR
230,884,0.91,tasas empresariales bdo,tasas empresariales 2025 4
751,752,0.91,tyc apple pay 2026 1,tyc terminos y condiciones de uso de las tarjetas en la billetera virt
751,997,0.91,tyc apple pay 2026 1,t y c billetera apple pay
598,1057,0.91,aviso el tiempo,Banco de Occidente
624,648,0.91,ir medidas aga,2024 i ir cumplimiento medidas circular basica juridica 1
599,1057,0.89,citacion asamblea pais jueves,Banco de Occidente
1013,1014,0.89,bochure vive la vida libranza,brochure segunda capa libranza
166,1069,0.88,Contrato leasing habitacional vivienda familiar en UVR,PARTE I CONDICIONES GENERALES
252,310,0.88,Apple Pay Tarjeta Débito,Apple Pay
598,599,0.88,aviso el tiempo,citacion asamblea pais jueves
706,707,0.88,BONOS ORDINARIOS. DEMANDA EN FIRME,BONOS SUBORDINADOS. DEMANDA EN FIRME
784,785,0.88,lista documentos credito constructor,Lista de Documentos: Crédito Constructor
254,255,0.86,Google Pay Tarjeta Débito,Google Wallet
570,650,0.86,REPORTE DE IMPLEMENTACIÓN DE MEJORES,reporte de implementacion de mejores practicas corporativas 2023 1
624,671,0.86,ir medidas aga,2023 ir medidas aga vf 1
666,759,0.86,informe de gestion y sostenibilidad 2022 bdo 1,informe de gestion y sostenibilidad 2022
709,716,0.86,BONOS ORDINARIOS. SUBASTA HOLANDESA,BONOS ORDINARIOS. SUBASTA HOLANDESA
166,167,0.84,Contrato leasing habitacional vivienda familiar en UVR,Contrato leasing habitacional destinado a vivienda no familiar en UVR
253,752,0.84,tyc apple pay 2026,tyc terminos y condiciones de uso de las tarjetas en la billetera virt
570,628,0.84,REPORTE DE IMPLEMENTACIÓN DE MEJORES,reporte de implementacion de mejores practicas corporativas 2024
227,228,0.83,tarifas persona bdo,tarifas empresariales bdo
752,997,0.83,tyc terminos y condiciones de uso de las tarjetas en la billetera virt,t y c billetera apple pay
464,465,0.83,Pyme Protegida,Equipamiento Tecnológico
165,1069,0.81,Contrato leasing habitacional no familiar en pesos tasa fija,PARTE I CONDICIONES GENERALES
731,737,0.81,tyc tasa 0 dafiti,tyc tasa 0 despegar
